timestamp,glucose
2025-09-14 00:00:00,93.26
2025-09-14 00:01:00,95.26
2025-09-14 00:02:00,107.68
2025-09-14 00:03:00,93.61
2025-09-14 00:04:00,105.53
2025-09-14 00:05:00,106.2
2025-09-14 00:06:00,92.31
2025-09-14 00:07:00,107.26
2025-09-14 00:08:00,105.99
2025-09-14 00:09:00,105.91
2025-09-14 00:10:00,102.78
2025-09-14 00:11:00,94.66
2025-09-14 00:12:00,101.03
2025-09-14 00:13:00,98.18
2025-09-14 00:14:00,106.65
2025-09-14 00:15:00,100.26
2025-09-14 00:16:00,104.98
2025-09-14 00:17:00,108.69
2025-09-14 00:18:00,95.54
2025-09-14 00:19:00,100.76
2025-09-14 00:20:00,93.09
2025-09-14 00:21:00,93.52
2025-09-14 00:22:00,101.93
2025-09-14 00:23:00,95.68
2025-09-14 00:24:00,101.49
2025-09-14 00:25:00,93.38
2025-09-14 00:26:00,95.79
2025-09-14 00:27:00,98.52
2025-09-14 00:28:00,101.93
2025-09-14 00:29:00,102.95
2025-09-14 00:30:00,106.12
2025-09-14 00:31:00,109.31
2025-09-14 00:32:00,97.38
2025-09-14 00:33:00,106.83
2025-09-14 00:34:00,97.68
2025-09-14 00:35:00,104.5
2025-09-14 00:36:00,97.2
2025-09-14 00:37:00,96.43
2025-09-14 00:38:00,97.4
2025-09-14 00:39:00,109.57
2025-09-14 00:40:00,96.89
2025-09-14 00:41:00,98.16
2025-09-14 00:42:00,97.87
2025-09-14 00:43:00,97.91
2025-09-14 00:44:00,106.38
2025-09-14 00:45:00,98.64
2025-09-14 00:46:00,94.1
2025-09-14 00:47:00,105.24
2025-09-14 00:48:00,94.32
2025-09-14 00:49:00,99.96
2025-09-14 00:50:00,102.43
2025-09-14 00:51:00,109.5
2025-09-14 00:52:00,106.93
2025-09-14 00:53:00,109.68
2025-09-14 00:54:00,104.91
2025-09-14 00:55:00,110.16
2025-09-14 00:56:00,105.39
2025-09-14 00:57:00,97.19
2025-09-14 00:58:00,106.25
2025-09-14 00:59:00,101.65
2025-09-14 01:00:00,109.78
2025-09-14 01:01:00,104.74
2025-09-14 01:02:00,107.54
2025-09-14 01:03:00,101.49
2025-09-14 01:04:00,100.41
2025-09-14 01:05:00,109.55
2025-09-14 01:06:00,99.75
2025-09-14 01:07:00,101.57
2025-09-14 01:08:00,108.83
2025-09-14 01:09:00,97.53
2025-09-14 01:10:00,96.76
2025-09-14 01:11:00,100.39
2025-09-14 01:12:00,107.05
2025-09-14 01:13:00,99.96
2025-09-14 01:14:00,102.77
2025-09-14 01:15:00,103.02
2025-09-14 01:16:00,103.08
2025-09-14 01:17:00,99.04
2025-09-14 01:18:00,106.56
2025-09-14 01:19:00,101.17
2025-09-14 01:20:00,100.03
2025-09-14 01:21:00,96.9
2025-09-14 01:22:00,100.45
2025-09-14 01:23:00,104.17
2025-09-14 01:24:00,103.8
2025-09-14 01:25:00,110.63
2025-09-14 01:26:00,105.08
2025-09-14 01:27:00,105.11
2025-09-14 01:28:00,101.63
2025-09-14 01:29:00,109.39
2025-09-14 01:30:00,111.51
2025-09-14 01:31:00,106.81
2025-09-14 01:32:00,98.14
2025-09-14 01:33:00,110.5
2025-09-14 01:34:00,105.51
2025-09-14 01:35:00,106.53
2025-09-14 01:36:00,109.57
2025-09-14 01:37:00,96.46
2025-09-14 01:38:00,107.91
2025-09-14 01:39:00,98.12
2025-09-14 01:40:00,96.91
2025-09-14 01:41:00,101.53
2025-09-14 01:42:00,96.51
2025-09-14 01:43:00,104.57
2025-09-14 01:44:00,97.01
2025-09-14 01:45:00,98.54
2025-09-14 01:46:00,107.79
2025-09-14 01:47:00,111.56
2025-09-14 01:48:00,111.59
2025-09-14 01:49:00,108.11
2025-09-14 01:50:00,104.96
2025-09-14 01:51:00,97.95
2025-09-14 01:52:00,106.98
2025-09-14 01:53:00,111.27
2025-09-14 01:54:00,110.22
2025-09-14 01:55:00,110.21
2025-09-14 01:56:00,103.59
2025-09-14 01:57:00,103.94
2025-09-14 01:58:00,106.2
2025-09-14 01:59:00,112.69
2025-09-14 02:00:00,111.57
2025-09-14 02:01:00,53.68
2025-09-14 02:02:00,59.49
2025-09-14 02:03:00,51.0
2025-09-14 02:04:00,52.34
2025-09-14 02:05:00,51.39
2025-09-14 02:06:00,51.43
2025-09-14 02:07:00,50.13
2025-09-14 02:08:00,47.4
2025-09-14 02:09:00,51.88
2025-09-14 02:10:00,56.22
2025-09-14 02:11:00,53.94
2025-09-14 02:12:00,58.0
2025-09-14 02:13:00,58.28
2025-09-14 02:14:00,55.23
2025-09-14 02:15:00,48.97
2025-09-14 02:16:00,52.05
2025-09-14 02:17:00,53.44
2025-09-14 02:18:00,49.4
2025-09-14 02:19:00,61.02
2025-09-14 02:20:00,58.73
2025-09-14 02:21:00,63.44
2025-09-14 02:22:00,56.97
2025-09-14 02:23:00,58.67
2025-09-14 02:24:00,55.46
2025-09-14 02:25:00,52.6
2025-09-14 02:26:00,49.44
2025-09-14 02:27:00,61.41
2025-09-14 02:28:00,62.08
2025-09-14 02:29:00,52.69
2025-09-14 02:30:00,54.19
2025-09-14 02:31:00,55.14
2025-09-14 02:32:00,52.37
2025-09-14 02:33:00,50.87
2025-09-14 02:34:00,53.03
2025-09-14 02:35:00,55.93
2025-09-14 02:36:00,60.98
2025-09-14 02:37:00,57.25
2025-09-14 02:38:00,61.32
2025-09-14 02:39:00,50.5
2025-09-14 02:40:00,57.09
2025-09-14 02:41:00,52.73
2025-09-14 02:42:00,51.69
2025-09-14 02:43:00,52.11
2025-09-14 02:44:00,55.13
2025-09-14 02:45:00,58.66
2025-09-14 02:46:00,55.37
2025-09-14 02:47:00,53.93
2025-09-14 02:48:00,50.73
2025-09-14 02:49:00,52.41
2025-09-14 02:50:00,52.55
2025-09-14 02:51:00,56.78
2025-09-14 02:52:00,63.62
2025-09-14 02:53:00,60.11
2025-09-14 02:54:00,49.13
2025-09-14 02:55:00,52.72
2025-09-14 02:56:00,60.97
2025-09-14 02:57:00,55.46
2025-09-14 02:58:00,59.06
2025-09-14 02:59:00,51.93
2025-09-14 03:00:00,100.65
2025-09-14 03:01:00,101.72
2025-09-14 03:02:00,106.37
2025-09-14 03:03:00,101.21
2025-09-14 03:04:00,115.1
2025-09-14 03:05:00,110.2
2025-09-14 03:06:00,105.78
2025-09-14 03:07:00,102.5
2025-09-14 03:08:00,103.24
2025-09-14 03:09:00,104.99
2025-09-14 03:10:00,100.15
2025-09-14 03:11:00,102.17
2025-09-14 03:12:00,107.58
2025-09-14 03:13:00,101.17
2025-09-14 03:14:00,101.06
2025-09-14 03:15:00,105.57
2025-09-14 03:16:00,106.03
2025-09-14 03:17:00,110.21
2025-09-14 03:18:00,101.81
2025-09-14 03:19:00,109.19
2025-09-14 03:20:00,105.72
2025-09-14 03:21:00,111.66
2025-09-14 03:22:00,103.18
2025-09-14 03:23:00,104.69
2025-09-14 03:24:00,106.71
2025-09-14 03:25:00,103.87
2025-09-14 03:26:00,111.22
2025-09-14 03:27:00,102.6
2025-09-14 03:28:00,102.4
2025-09-14 03:29:00,114.74
2025-09-14 03:30:00,110.04
2025-09-14 03:31:00,104.32
2025-09-14 03:32:00,106.07
2025-09-14 03:33:00,109.25
2025-09-14 03:34:00,111.4
2025-09-14 03:35:00,100.29
2025-09-14 03:36:00,113.22
2025-09-14 03:37:00,100.73
2025-09-14 03:38:00,106.34
2025-09-14 03:39:00,108.77
2025-09-14 03:40:00,115.67
2025-09-14 03:41:00,110.08
2025-09-14 03:42:00,102.34
2025-09-14 03:43:00,109.13
2025-09-14 03:44:00,106.67
2025-09-14 03:45:00,102.77
2025-09-14 03:46:00,107.71
2025-09-14 03:47:00,103.54
2025-09-14 03:48:00,111.13
2025-09-14 03:49:00,110.85
2025-09-14 03:50:00,110.69
2025-09-14 03:51:00,109.54
2025-09-14 03:52:00,103.26
2025-09-14 03:53:00,101.14
2025-09-14 03:54:00,105.09
2025-09-14 03:55:00,104.63
2025-09-14 03:56:00,106.24
2025-09-14 03:57:00,105.49
2025-09-14 03:58:00,101.38
2025-09-14 03:59:00,110.0
2025-09-14 04:00:00,114.25
2025-09-14 04:01:00,110.88
2025-09-14 04:02:00,107.71
2025-09-14 04:03:00,110.6
2025-09-14 04:04:00,108.22
2025-09-14 04:05:00,105.94
2025-09-14 04:06:00,103.25
2025-09-14 04:07:00,113.97
2025-09-14 04:08:00,107.4
2025-09-14 04:09:00,107.82
2025-09-14 04:10:00,107.53
2025-09-14 04:11:00,115.97
2025-09-14 04:12:00,107.62
2025-09-14 04:13:00,106.68
2025-09-14 04:14:00,101.52
2025-09-14 04:15:00,106.83
2025-09-14 04:16:00,106.71
2025-09-14 04:17:00,111.55
2025-09-14 04:18:00,106.25
2025-09-14 04:19:00,102.04
2025-09-14 04:20:00,107.67
2025-09-14 04:21:00,102.1
2025-09-14 04:22:00,107.02
2025-09-14 04:23:00,107.16
2025-09-14 04:24:00,106.05
2025-09-14 04:25:00,109.93
2025-09-14 04:26:00,103.66
2025-09-14 04:27:00,115.21
2025-09-14 04:28:00,114.46
2025-09-14 04:29:00,109.28
2025-09-14 04:30:00,101.64
2025-09-14 04:31:00,116.68
2025-09-14 04:32:00,106.4
2025-09-14 04:33:00,111.91
2025-09-14 04:34:00,117.24
2025-09-14 04:35:00,110.24
2025-09-14 04:36:00,108.11
2025-09-14 04:37:00,111.2
2025-09-14 04:38:00,110.28
2025-09-14 04:39:00,107.71
2025-09-14 04:40:00,115.03
2025-09-14 04:41:00,105.93
2025-09-14 04:42:00,117.4
2025-09-14 04:43:00,105.49
2025-09-14 04:44:00,112.72
2025-09-14 04:45:00,113.19
2025-09-14 04:46:00,116.74
2025-09-14 04:47:00,115.77
2025-09-14 04:48:00,106.75
2025-09-14 04:49:00,106.71
2025-09-14 04:50:00,116.2
2025-09-14 04:51:00,115.45
2025-09-14 04:52:00,114.22
2025-09-14 04:53:00,102.05
2025-09-14 04:54:00,101.92
2025-09-14 04:55:00,107.69
2025-09-14 04:56:00,114.62
2025-09-14 04:57:00,105.64
2025-09-14 04:58:00,117.42
2025-09-14 04:59:00,114.74
2025-09-14 05:00:00,107.24
2025-09-14 05:01:00,112.2
2025-09-14 05:02:00,105.06
2025-09-14 05:03:00,106.42
2025-09-14 05:04:00,104.09
2025-09-14 05:05:00,114.74
2025-09-14 05:06:00,115.12
2025-09-14 05:07:00,113.36
2025-09-14 05:08:00,110.53
2025-09-14 05:09:00,117.3
2025-09-14 05:10:00,117.76
2025-09-14 05:11:00,103.97
2025-09-14 05:12:00,114.95
2025-09-14 05:13:00,106.69
2025-09-14 05:14:00,106.28
2025-09-14 05:15:00,109.35
2025-09-14 05:16:00,115.24
2025-09-14 05:17:00,102.62
2025-09-14 05:18:00,107.91
2025-09-14 05:19:00,116.03
2025-09-14 05:20:00,114.09
2025-09-14 05:21:00,108.65
2025-09-14 05:22:00,113.59
2025-09-14 05:23:00,110.68
2025-09-14 05:24:00,105.02
2025-09-14 05:25:00,104.04
2025-09-14 05:26:00,115.26
2025-09-14 05:27:00,106.6
2025-09-14 05:28:00,104.76
2025-09-14 05:29:00,104.45
2025-09-14 05:30:00,104.9
2025-09-14 05:31:00,105.71
2025-09-14 05:32:00,107.03
2025-09-14 05:33:00,117.41
2025-09-14 05:34:00,108.15
2025-09-14 05:35:00,112.21
2025-09-14 05:36:00,107.21
2025-09-14 05:37:00,105.43
2025-09-14 05:38:00,107.63
2025-09-14 05:39:00,110.14
2025-09-14 05:40:00,106.39
2025-09-14 05:41:00,104.94
2025-09-14 05:42:00,115.11
2025-09-14 05:43:00,113.29
2025-09-14 05:44:00,102.07
2025-09-14 05:45:00,115.76
2025-09-14 05:46:00,104.25
2025-09-14 05:47:00,103.67
2025-09-14 05:48:00,117.6
2025-09-14 05:49:00,116.36
2025-09-14 05:50:00,111.54
2025-09-14 05:51:00,114.31
2025-09-14 05:52:00,113.06
2025-09-14 05:53:00,114.27
2025-09-14 05:54:00,116.09
2025-09-14 05:55:00,106.46
2025-09-14 05:56:00,105.41
2025-09-14 05:57:00,117.04
2025-09-14 05:58:00,115.69
2025-09-14 05:59:00,109.44
2025-09-14 06:00:00,108.3
2025-09-14 06:01:00,105.79
2025-09-14 06:02:00,104.61
2025-09-14 06:03:00,113.45
2025-09-14 06:04:00,104.93
2025-09-14 06:05:00,107.28
2025-09-14 06:06:00,112.13
2025-09-14 06:07:00,115.15
2025-09-14 06:08:00,110.74
2025-09-14 06:09:00,109.05
2025-09-14 06:10:00,114.6
2025-09-14 06:11:00,116.57
2025-09-14 06:12:00,104.88
2025-09-14 06:13:00,111.54
2025-09-14 06:14:00,104.84
2025-09-14 06:15:00,108.84
2025-09-14 06:16:00,106.5
2025-09-14 06:17:00,117.93
2025-09-14 06:18:00,117.05
2025-09-14 06:19:00,110.04
2025-09-14 06:20:00,110.41
2025-09-14 06:21:00,109.67
2025-09-14 06:22:00,115.05
2025-09-14 06:23:00,110.48
2025-09-14 06:24:00,114.5
2025-09-14 06:25:00,107.64
2025-09-14 06:26:00,115.41
2025-09-14 06:27:00,108.73
2025-09-14 06:28:00,113.1
2025-09-14 06:29:00,109.43
2025-09-14 06:30:00,106.14
2025-09-14 06:31:00,107.47
2025-09-14 06:32:00,112.82
2025-09-14 06:33:00,117.15
2025-09-14 06:34:00,118.6
2025-09-14 06:35:00,109.6
2025-09-14 06:36:00,112.16
2025-09-14 06:37:00,107.0
2025-09-14 06:38:00,119.08
2025-09-14 06:39:00,109.82
2025-09-14 06:40:00,114.23
2025-09-14 06:41:00,107.96
2025-09-14 06:42:00,122.12
2025-09-14 06:43:00,116.81
2025-09-14 06:44:00,119.43
2025-09-14 06:45:00,110.75
2025-09-14 06:46:00,116.52
2025-09-14 06:47:00,116.12
2025-09-14 06:48:00,112.69
2025-09-14 06:49:00,111.56
2025-09-14 06:50:00,114.08
2025-09-14 06:51:00,114.87
2025-09-14 06:52:00,113.98
2025-09-14 06:53:00,124.96
2025-09-14 06:54:00,113.3
2025-09-14 06:55:00,121.29
2025-09-14 06:56:00,128.09
2025-09-14 06:57:00,124.55
2025-09-14 06:58:00,126.8
2025-09-14 06:59:00,117.19
2025-09-14 07:00:00,117.26
2025-09-14 07:01:00,128.5
2025-09-14 07:02:00,124.43
2025-09-14 07:03:00,132.08
2025-09-14 07:04:00,131.06
2025-09-14 07:05:00,121.45
2025-09-14 07:06:00,122.57
2025-09-14 07:07:00,129.62
2025-09-14 07:08:00,133.75
2025-09-14 07:09:00,127.08
2025-09-14 07:10:00,130.94
2025-09-14 07:11:00,128.43
2025-09-14 07:12:00,129.46
2025-09-14 07:13:00,137.24
2025-09-14 07:14:00,139.85
2025-09-14 07:15:00,133.35
2025-09-14 07:16:00,146.17
2025-09-14 07:17:00,135.55
2025-09-14 07:18:00,147.19
2025-09-14 07:19:00,141.75
2025-09-14 07:20:00,141.0
2025-09-14 07:21:00,145.9
2025-09-14 07:22:00,144.72
2025-09-14 07:23:00,145.97
2025-09-14 07:24:00,156.09
2025-09-14 07:25:00,144.62
2025-09-14 07:26:00,148.22
2025-09-14 07:27:00,158.16
2025-09-14 07:28:00,155.65
2025-09-14 07:29:00,157.41
2025-09-14 07:30:00,155.84
2025-09-14 07:31:00,162.74
2025-09-14 07:32:00,152.11
2025-09-14 07:33:00,161.15
2025-09-14 07:34:00,154.16
2025-09-14 07:35:00,158.3
2025-09-14 07:36:00,170.13
2025-09-14 07:37:00,169.44
2025-09-14 07:38:00,163.51
2025-09-14 07:39:00,167.8
2025-09-14 07:40:00,166.71
2025-09-14 07:41:00,161.23
2025-09-14 07:42:00,171.94
2025-09-14 07:43:00,175.88
2025-09-14 07:44:00,169.05
2025-09-14 07:45:00,167.17
2025-09-14 07:46:00,172.23
2025-09-14 07:47:00,170.11
2025-09-14 07:48:00,180.85
2025-09-14 07:49:00,173.68
2025-09-14 07:50:00,176.22
2025-09-14 07:51:00,168.7
2025-09-14 07:52:00,183.3
2025-09-14 07:53:00,169.99
2025-09-14 07:54:00,185.65
2025-09-14 07:55:00,185.06
2025-09-14 07:56:00,173.28
2025-09-14 07:57:00,171.82
2025-09-14 07:58:00,177.78
2025-09-14 07:59:00,179.49
2025-09-14 08:00:00,180.3
2025-09-14 08:01:00,183.16
2025-09-14 08:02:00,177.7
2025-09-14 08:03:00,180.22
2025-09-14 08:04:00,184.84
2025-09-14 08:05:00,170.32
2025-09-14 08:06:00,170.66
2025-09-14 08:07:00,178.41
2025-09-14 08:08:00,173.77
2025-09-14 08:09:00,170.48
2025-09-14 08:10:00,169.46
2025-09-14 08:11:00,174.89
2025-09-14 08:12:00,166.55
2025-09-14 08:13:00,166.8
2025-09-14 08:14:00,179.91
2025-09-14 08:15:00,165.63
2025-09-14 08:16:00,165.27
2025-09-14 08:17:00,171.18
2025-09-14 08:18:00,163.29
2025-09-14 08:19:00,171.94
2025-09-14 08:20:00,169.28
2025-09-14 08:21:00,165.22
2025-09-14 08:22:00,168.89
2025-09-14 08:23:00,168.64
2025-09-14 08:24:00,170.36
2025-09-14 08:25:00,156.7
2025-09-14 08:26:00,164.63
2025-09-14 08:27:00,166.63
2025-09-14 08:28:00,157.35
2025-09-14 08:29:00,150.81
2025-09-14 08:30:00,158.87
2025-09-14 08:31:00,155.12
2025-09-14 08:32:00,154.62
2025-09-14 08:33:00,148.51
2025-09-14 08:34:00,145.49
2025-09-14 08:35:00,148.19
2025-09-14 08:36:00,140.05
2025-09-14 08:37:00,149.97
2025-09-14 08:38:00,137.26
2025-09-14 08:39:00,141.82
2025-09-14 08:40:00,143.04
2025-09-14 08:41:00,134.66
2025-09-14 08:42:00,135.53
2025-09-14 08:43:00,135.16
2025-09-14 08:44:00,140.32
2025-09-14 08:45:00,130.07
2025-09-14 08:46:00,127.94
2025-09-14 08:47:00,139.72
2025-09-14 08:48:00,133.06
2025-09-14 08:49:00,134.57
2025-09-14 08:50:00,134.31
2025-09-14 08:51:00,122.64
2025-09-14 08:52:00,124.19
2025-09-14 08:53:00,122.8
2025-09-14 08:54:00,130.43
2025-09-14 08:55:00,128.04
2025-09-14 08:56:00,120.75
2025-09-14 08:57:00,130.87
2025-09-14 08:58:00,126.3
2025-09-14 08:59:00,118.81
2025-09-14 09:00:00,127.85
2025-09-14 09:01:00,121.14
2025-09-14 09:02:00,119.37
2025-09-14 09:03:00,121.12
2025-09-14 09:04:00,124.18
2025-09-14 09:05:00,125.83
2025-09-14 09:06:00,123.41
2025-09-14 09:07:00,113.57
2025-09-14 09:08:00,118.04
2025-09-14 09:09:00,108.17
2025-09-14 09:10:00,118.74
2025-09-14 09:11:00,109.62
2025-09-14 09:12:00,114.26
2025-09-14 09:13:00,120.2
2025-09-14 09:14:00,114.27
2025-09-14 09:15:00,112.15
2025-09-14 09:16:00,110.68
2025-09-14 09:17:00,119.26
2025-09-14 09:18:00,113.05
2025-09-14 09:19:00,113.55
2025-09-14 09:20:00,116.59
2025-09-14 09:21:00,114.21
2025-09-14 09:22:00,111.1
2025-09-14 09:23:00,117.34
2025-09-14 09:24:00,109.56
2025-09-14 09:25:00,109.01
2025-09-14 09:26:00,102.94
2025-09-14 09:27:00,106.56
2025-09-14 09:28:00,103.4
2025-09-14 09:29:00,114.07
2025-09-14 09:30:00,115.66
2025-09-14 09:31:00,100.59
2025-09-14 09:32:00,100.14
2025-09-14 09:33:00,113.84
2025-09-14 09:34:00,107.01
2025-09-14 09:35:00,114.07
2025-09-14 09:36:00,106.65
2025-09-14 09:37:00,111.41
2025-09-14 09:38:00,110.71
2025-09-14 09:39:00,100.93
2025-09-14 09:40:00,104.98
2025-09-14 09:41:00,106.37
2025-09-14 09:42:00,107.3
2025-09-14 09:43:00,105.89
2025-09-14 09:44:00,103.75
2025-09-14 09:45:00,104.34
2025-09-14 09:46:00,101.22
2025-09-14 09:47:00,109.27
2025-09-14 09:48:00,106.45
2025-09-14 09:49:00,100.34
2025-09-14 09:50:00,108.86
2025-09-14 09:51:00,102.76
2025-09-14 09:52:00,98.59
2025-09-14 09:53:00,113.44
2025-09-14 09:54:00,103.86
2025-09-14 09:55:00,100.87
2025-09-14 09:56:00,110.73
2025-09-14 09:57:00,106.09
2025-09-14 09:58:00,103.66
2025-09-14 09:59:00,104.19
2025-09-14 10:00:00,107.0
2025-09-14 10:01:00,103.39
2025-09-14 10:02:00,105.71
2025-09-14 10:03:00,99.05
2025-09-14 10:04:00,108.33
2025-09-14 10:05:00,112.01
2025-09-14 10:06:00,111.1
2025-09-14 10:07:00,102.18
2025-09-14 10:08:00,110.28
2025-09-14 10:09:00,97.8
2025-09-14 10:10:00,104.7
2025-09-14 10:11:00,99.83
2025-09-14 10:12:00,98.26
2025-09-14 10:13:00,107.03
2025-09-14 10:14:00,105.15
2025-09-14 10:15:00,110.94
2025-09-14 10:16:00,98.74
2025-09-14 10:17:00,100.72
2025-09-14 10:18:00,112.16
2025-09-14 10:19:00,97.22
2025-09-14 10:20:00,103.03
2025-09-14 10:21:00,96.83
2025-09-14 10:22:00,109.64
2025-09-14 10:23:00,111.15
2025-09-14 10:24:00,99.17
2025-09-14 10:25:00,108.23
2025-09-14 10:26:00,110.11
2025-09-14 10:27:00,108.61
2025-09-14 10:28:00,104.61
2025-09-14 10:29:00,99.34
2025-09-14 10:30:00,104.72
2025-09-14 10:31:00,106.37
2025-09-14 10:32:00,106.84
2025-09-14 10:33:00,104.53
2025-09-14 10:34:00,101.38
2025-09-14 10:35:00,97.51
2025-09-14 10:36:00,109.97
2025-09-14 10:37:00,98.7
2025-09-14 10:38:00,109.06
2025-09-14 10:39:00,108.05
2025-09-14 10:40:00,101.47
2025-09-14 10:41:00,108.72
2025-09-14 10:42:00,99.03
2025-09-14 10:43:00,102.29
2025-09-14 10:44:00,107.98
2025-09-14 10:45:00,98.13
2025-09-14 10:46:00,107.94
2025-09-14 10:47:00,96.72
2025-09-14 10:48:00,108.42
2025-09-14 10:49:00,99.74
2025-09-14 10:50:00,100.49
2025-09-14 10:51:00,100.69
2025-09-14 10:52:00,96.9
2025-09-14 10:53:00,109.12
2025-09-14 10:54:00,110.74
2025-09-14 10:55:00,99.2
2025-09-14 10:56:00,101.3
2025-09-14 10:57:00,94.9
2025-09-14 10:58:00,96.8
2025-09-14 10:59:00,106.33
2025-09-14 11:00:00,96.79
2025-09-14 11:01:00,103.48
2025-09-14 11:02:00,105.48
2025-09-14 11:03:00,98.7
2025-09-14 11:04:00,109.14
2025-09-14 11:05:00,108.7
2025-09-14 11:06:00,99.97
2025-09-14 11:07:00,101.33
2025-09-14 11:08:00,109.71
2025-09-14 11:09:00,95.28
2025-09-14 11:10:00,106.28
2025-09-14 11:11:00,95.52
2025-09-14 11:12:00,103.21
2025-09-14 11:13:00,101.3
2025-09-14 11:14:00,104.39
2025-09-14 11:15:00,96.94
2025-09-14 11:16:00,109.51
2025-09-14 11:17:00,108.66
2025-09-14 11:18:00,97.25
2025-09-14 11:19:00,107.53
2025-09-14 11:20:00,100.52
2025-09-14 11:21:00,99.0
2025-09-14 11:22:00,103.31
2025-09-14 11:23:00,101.37
2025-09-14 11:24:00,101.48
2025-09-14 11:25:00,106.67
2025-09-14 11:26:00,107.88
2025-09-14 11:27:00,95.32
2025-09-14 11:28:00,104.36
2025-09-14 11:29:00,96.89
2025-09-14 11:30:00,99.53
2025-09-14 11:31:00,110.05
2025-09-14 11:32:00,98.59
2025-09-14 11:33:00,103.15
2025-09-14 11:34:00,111.31
2025-09-14 11:35:00,105.87
2025-09-14 11:36:00,105.07
2025-09-14 11:37:00,100.44
2025-09-14 11:38:00,97.4
2025-09-14 11:39:00,104.51
2025-09-14 11:40:00,113.01
2025-09-14 11:41:00,112.5
2025-09-14 11:42:00,102.72
2025-09-14 11:43:00,108.09
2025-09-14 11:44:00,107.87
2025-09-14 11:45:00,104.31
2025-09-14 11:46:00,106.81
2025-09-14 11:47:00,111.21
2025-09-14 11:48:00,100.61
2025-09-14 11:49:00,105.61
2025-09-14 11:50:00,106.79
2025-09-14 11:51:00,115.87
2025-09-14 11:52:00,102.21
2025-09-14 11:53:00,107.56
2025-09-14 11:54:00,110.17
2025-09-14 11:55:00,109.45
2025-09-14 11:56:00,118.16
2025-09-14 11:57:00,115.35
2025-09-14 11:58:00,108.29
2025-09-14 11:59:00,108.92
2025-09-14 12:00:00,112.61
2025-09-14 12:01:00,122.79
2025-09-14 12:02:00,111.79
2025-09-14 12:03:00,120.5
2025-09-14 12:04:00,113.59
2025-09-14 12:05:00,110.83
2025-09-14 12:06:00,117.13
2025-09-14 12:07:00,124.42
2025-09-14 12:08:00,122.34
2025-09-14 12:09:00,114.9
2025-09-14 12:10:00,123.33
2025-09-14 12:11:00,132.12
2025-09-14 12:12:00,125.37
2025-09-14 12:13:00,120.23
2025-09-14 12:14:00,131.66
2025-09-14 12:15:00,135.26
2025-09-14 12:16:00,122.58
2025-09-14 12:17:00,134.21
2025-09-14 12:18:00,128.64
2025-09-14 12:19:00,138.42
2025-09-14 12:20:00,141.45
2025-09-14 12:21:00,138.31
2025-09-14 12:22:00,132.92
2025-09-14 12:23:00,133.2
2025-09-14 12:24:00,133.65
2025-09-14 12:25:00,145.84
2025-09-14 12:26:00,136.99
2025-09-14 12:27:00,144.05
2025-09-14 12:28:00,139.63
2025-09-14 12:29:00,152.09
2025-09-14 12:30:00,145.18
2025-09-14 12:31:00,148.71
2025-09-14 12:32:00,144.08
2025-09-14 12:33:00,151.97
2025-09-14 12:34:00,146.43
2025-09-14 12:35:00,158.46
2025-09-14 12:36:00,156.07
2025-09-14 12:37:00,157.93
2025-09-14 12:38:00,162.03
2025-09-14 12:39:00,159.2
2025-09-14 12:40:00,154.21
2025-09-14 12:41:00,164.99
2025-09-14 12:42:00,166.35
2025-09-14 12:43:00,159.52
2025-09-14 12:44:00,163.63
2025-09-14 12:45:00,168.84
2025-09-14 12:46:00,157.68
2025-09-14 12:47:00,161.63
2025-09-14 12:48:00,167.3
2025-09-14 12:49:00,171.46
2025-09-14 12:50:00,164.28
2025-09-14 12:51:00,171.47
2025-09-14 12:52:00,170.86
2025-09-14 12:53:00,174.07
2025-09-14 12:54:00,170.39
2025-09-14 12:55:00,162.36
2025-09-14 12:56:00,160.89
2025-09-14 12:57:00,168.53
2025-09-14 12:58:00,170.12
2025-09-14 12:59:00,174.46
2025-09-14 13:00:00,168.45
2025-09-14 13:01:00,170.07
2025-09-14 13:02:00,160.04
2025-09-14 13:03:00,171.43
2025-09-14 13:04:00,162.29
2025-09-14 13:05:00,165.7
2025-09-14 13:06:00,164.76
2025-09-14 13:07:00,172.31
2025-09-14 13:08:00,168.01
2025-09-14 13:09:00,160.95
2025-09-14 13:10:00,161.36
2025-09-14 13:11:00,166.23
2025-09-14 13:12:00,158.11
2025-09-14 13:13:00,160.07
2025-09-14 13:14:00,164.71
2025-09-14 13:15:00,152.62
2025-09-14 13:16:00,158.81
2025-09-14 13:17:00,157.12
2025-09-14 13:18:00,162.45
2025-09-14 13:19:00,153.52
2025-09-14 13:20:00,156.04
2025-09-14 13:21:00,160.49
2025-09-14 13:22:00,160.67
2025-09-14 13:23:00,154.06
2025-09-14 13:24:00,147.24
2025-09-14 13:25:00,145.14
2025-09-14 13:26:00,150.53
2025-09-14 13:27:00,142.69
2025-09-14 13:28:00,147.88
2025-09-14 13:29:00,143.49
2025-09-14 13:30:00,141.36
2025-09-14 13:31:00,141.75
2025-09-14 13:32:00,134.77
2025-09-14 13:33:00,134.36
2025-09-14 13:34:00,132.08
2025-09-14 13:35:00,133.06
2025-09-14 13:36:00,138.27
2025-09-14 13:37:00,134.54
2025-09-14 13:38:00,140.77
2025-09-14 13:39:00,125.14
2025-09-14 13:40:00,124.42
2025-09-14 13:41:00,124.48
2025-09-14 13:42:00,122.4
2025-09-14 13:43:00,120.42
2025-09-14 13:44:00,132.17
2025-09-14 13:45:00,122.69
2025-09-14 13:46:00,130.35
2025-09-14 13:47:00,124.07
2025-09-14 13:48:00,113.25
2025-09-14 13:49:00,121.17
2025-09-14 13:50:00,113.07
2025-09-14 13:51:00,114.5
2025-09-14 13:52:00,123.39
2025-09-14 13:53:00,115.3
2025-09-14 13:54:00,112.17
2025-09-14 13:55:00,113.97
2025-09-14 13:56:00,114.94
2025-09-14 13:57:00,105.51
2025-09-14 13:58:00,110.41
2025-09-14 13:59:00,105.63
2025-09-14 14:00:00,111.52
2025-09-14 14:01:00,103.08
2025-09-14 14:02:00,107.66
2025-09-14 14:03:00,111.58
2025-09-14 14:04:00,110.72
2025-09-14 14:05:00,111.34
2025-09-14 14:06:00,105.16
2025-09-14 14:07:00,105.52
2025-09-14 14:08:00,110.38
2025-09-14 14:09:00,99.59
2025-09-14 14:10:00,101.31
2025-09-14 14:11:00,109.21
2025-09-14 14:12:00,94.24
2025-09-14 14:13:00,100.99
2025-09-14 14:14:00,107.45
2025-09-14 14:15:00,93.79
2025-09-14 14:16:00,104.76
2025-09-14 14:17:00,94.64
2025-09-14 14:18:00,97.62
2025-09-14 14:19:00,105.99
2025-09-14 14:20:00,105.7
2025-09-14 14:21:00,99.17
2025-09-14 14:22:00,103.23
2025-09-14 14:23:00,90.66
2025-09-14 14:24:00,105.1
2025-09-14 14:25:00,94.03
2025-09-14 14:26:00,101.95
2025-09-14 14:27:00,99.35
2025-09-14 14:28:00,96.63
2025-09-14 14:29:00,94.05
2025-09-14 14:30:00,89.75
2025-09-14 14:31:00,99.6
2025-09-14 14:32:00,91.92
2025-09-14 14:33:00,102.73
2025-09-14 14:34:00,99.59
2025-09-14 14:35:00,101.93
2025-09-14 14:36:00,101.08
2025-09-14 14:37:00,101.74
2025-09-14 14:38:00,102.72
2025-09-14 14:39:00,88.56
2025-09-14 14:40:00,99.86
2025-09-14 14:41:00,99.78
2025-09-14 14:42:00,87.05
2025-09-14 14:43:00,99.85
2025-09-14 14:44:00,100.36
2025-09-14 14:45:00,88.75
2025-09-14 14:46:00,96.54
2025-09-14 14:47:00,95.73
2025-09-14 14:48:00,85.77
2025-09-14 14:49:00,99.45
2025-09-14 14:50:00,93.58
2025-09-14 14:51:00,93.73
2025-09-14 14:52:00,87.74
2025-09-14 14:53:00,86.01
2025-09-14 14:54:00,91.55
2025-09-14 14:55:00,92.67
2025-09-14 14:56:00,93.58
2025-09-14 14:57:00,92.97
2025-09-14 14:58:00,87.65
2025-09-14 14:59:00,86.61
2025-09-14 15:00:00,89.69
2025-09-14 15:01:00,93.69
2025-09-14 15:02:00,86.98
2025-09-14 15:03:00,89.28
2025-09-14 15:04:00,99.81
2025-09-14 15:05:00,86.2
2025-09-14 15:06:00,96.12
2025-09-14 15:07:00,99.31
2025-09-14 15:08:00,84.74
2025-09-14 15:09:00,92.07
2025-09-14 15:10:00,94.87
2025-09-14 15:11:00,97.43
2025-09-14 15:12:00,96.71
2025-09-14 15:13:00,94.97
2025-09-14 15:14:00,84.55
2025-09-14 15:15:00,94.08
2025-09-14 15:16:00,94.37
2025-09-14 15:17:00,91.19
2025-09-14 15:18:00,86.19
2025-09-14 15:19:00,89.5
2025-09-14 15:20:00,86.38
2025-09-14 15:21:00,96.28
2025-09-14 15:22:00,99.9
2025-09-14 15:23:00,88.5
2025-09-14 15:24:00,84.97
2025-09-14 15:25:00,87.1
2025-09-14 15:26:00,96.6
2025-09-14 15:27:00,85.76
2025-09-14 15:28:00,85.14
2025-09-14 15:29:00,91.55
2025-09-14 15:30:00,91.65
2025-09-14 15:31:00,86.86
2025-09-14 15:32:00,87.14
2025-09-14 15:33:00,89.63
2025-09-14 15:34:00,92.54
2025-09-14 15:35:00,95.97
2025-09-14 15:36:00,99.33
2025-09-14 15:37:00,98.52
2025-09-14 15:38:00,85.38
2025-09-14 15:39:00,99.71
2025-09-14 15:40:00,90.82
2025-09-14 15:41:00,97.55
2025-09-14 15:42:00,98.28
2025-09-14 15:43:00,98.89
2025-09-14 15:44:00,98.29
2025-09-14 15:45:00,96.49
2025-09-14 15:46:00,90.83
2025-09-14 15:47:00,86.32
2025-09-14 15:48:00,90.5
2025-09-14 15:49:00,90.22
2025-09-14 15:50:00,94.98
2025-09-14 15:51:00,88.95
2025-09-14 15:52:00,92.25
2025-09-14 15:53:00,97.24
2025-09-14 15:54:00,91.68
2025-09-14 15:55:00,86.01
2025-09-14 15:56:00,97.61
2025-09-14 15:57:00,98.88
2025-09-14 15:58:00,89.99
2025-09-14 15:59:00,93.5
2025-09-14 16:00:00,90.23
2025-09-14 16:01:00,85.87
2025-09-14 16:02:00,96.12
2025-09-14 16:03:00,94.91
2025-09-14 16:04:00,94.69
2025-09-14 16:05:00,90.3
2025-09-14 16:06:00,96.11
2025-09-14 16:07:00,97.38
2025-09-14 16:08:00,88.95
2025-09-14 16:09:00,89.64
2025-09-14 16:10:00,95.56
2025-09-14 16:11:00,83.39
2025-09-14 16:12:00,98.19
2025-09-14 16:13:00,86.65
2025-09-14 16:14:00,89.9
2025-09-14 16:15:00,91.13
2025-09-14 16:16:00,93.34
2025-09-14 16:17:00,83.41
2025-09-14 16:18:00,90.23
2025-09-14 16:19:00,90.21
2025-09-14 16:20:00,88.81
2025-09-14 16:21:00,88.1
2025-09-14 16:22:00,93.95
2025-09-14 16:23:00,96.68
2025-09-14 16:24:00,91.41
2025-09-14 16:25:00,91.42
2025-09-14 16:26:00,89.78
2025-09-14 16:27:00,96.38
2025-09-14 16:28:00,97.34
2025-09-14 16:29:00,89.02
2025-09-14 16:30:00,91.9
2025-09-14 16:31:00,87.94
2025-09-14 16:32:00,97.14
2025-09-14 16:33:00,91.03
2025-09-14 16:34:00,84.83
2025-09-14 16:35:00,91.5
2025-09-14 16:36:00,93.06
2025-09-14 16:37:00,98.06
2025-09-14 16:38:00,97.12
2025-09-14 16:39:00,84.08
2025-09-14 16:40:00,85.7
2025-09-14 16:41:00,93.75
2025-09-14 16:42:00,88.35
2025-09-14 16:43:00,93.73
2025-09-14 16:44:00,92.89
2025-09-14 16:45:00,83.34
2025-09-14 16:46:00,92.91
2025-09-14 16:47:00,90.27
2025-09-14 16:48:00,85.85
2025-09-14 16:49:00,85.17
2025-09-14 16:50:00,84.57
2025-09-14 16:51:00,97.97
2025-09-14 16:52:00,95.2
2025-09-14 16:53:00,95.38
2025-09-14 16:54:00,96.47
2025-09-14 16:55:00,82.97
2025-09-14 16:56:00,94.31
2025-09-14 16:57:00,83.7
2025-09-14 16:58:00,84.1
2025-09-14 16:59:00,84.37
2025-09-14 17:00:00,97.5
2025-09-14 17:01:00,208.95
2025-09-14 17:02:00,207.22
2025-09-14 17:03:00,213.34
2025-09-14 17:04:00,211.13
2025-09-14 17:05:00,202.89
2025-09-14 17:06:00,208.19
2025-09-14 17:07:00,205.81
2025-09-14 17:08:00,216.27
2025-09-14 17:09:00,206.56
2025-09-14 17:10:00,203.87
2025-09-14 17:11:00,204.64
2025-09-14 17:12:00,210.07
2025-09-14 17:13:00,213.72
2025-09-14 17:14:00,211.32
2025-09-14 17:15:00,214.69
2025-09-14 17:16:00,216.53
2025-09-14 17:17:00,218.07
2025-09-14 17:18:00,210.32
2025-09-14 17:19:00,211.24
2025-09-14 17:20:00,214.34
2025-09-14 17:21:00,206.2
2025-09-14 17:22:00,216.77
2025-09-14 17:23:00,205.84
2025-09-14 17:24:00,219.39
2025-09-14 17:25:00,206.89
2025-09-14 17:26:00,210.51
2025-09-14 17:27:00,216.02
2025-09-14 17:28:00,208.2
2025-09-14 17:29:00,213.3
2025-09-14 17:30:00,207.82
2025-09-14 17:31:00,210.46
2025-09-14 17:32:00,218.24
2025-09-14 17:33:00,219.09
2025-09-14 17:34:00,216.44
2025-09-14 17:35:00,206.01
2025-09-14 17:36:00,207.08
2025-09-14 17:37:00,208.4
2025-09-14 17:38:00,205.97
2025-09-14 17:39:00,219.72
2025-09-14 17:40:00,208.95
2025-09-14 17:41:00,218.13
2025-09-14 17:42:00,214.3
2025-09-14 17:43:00,217.77
2025-09-14 17:44:00,215.62
2025-09-14 17:45:00,208.92
2025-09-14 17:46:00,219.05
2025-09-14 17:47:00,218.0
2025-09-14 17:48:00,222.58
2025-09-14 17:49:00,216.15
2025-09-14 17:50:00,224.02
2025-09-14 17:51:00,216.86
2025-09-14 17:52:00,219.02
2025-09-14 17:53:00,221.41
2025-09-14 17:54:00,221.03
2025-09-14 17:55:00,227.71
2025-09-14 17:56:00,216.15
2025-09-14 17:57:00,229.3
2025-09-14 17:58:00,225.67
2025-09-14 17:59:00,216.81
2025-09-14 18:00:00,98.25
2025-09-14 18:01:00,109.41
2025-09-14 18:02:00,113.74
2025-09-14 18:03:00,113.93
2025-09-14 18:04:00,103.58
2025-09-14 18:05:00,106.11
2025-09-14 18:06:00,115.1
2025-09-14 18:07:00,116.13
2025-09-14 18:08:00,105.1
2025-09-14 18:09:00,119.16
2025-09-14 18:10:00,118.88
2025-09-14 18:11:00,118.46
2025-09-14 18:12:00,118.52
2025-09-14 18:13:00,116.55
2025-09-14 18:14:00,113.59
2025-09-14 18:15:00,115.34
2025-09-14 18:16:00,123.27
2025-09-14 18:17:00,114.25
2025-09-14 18:18:00,117.19
2025-09-14 18:19:00,117.88
2025-09-14 18:20:00,132.13
2025-09-14 18:21:00,125.4
2025-09-14 18:22:00,134.53
2025-09-14 18:23:00,127.61
2025-09-14 18:24:00,122.8
2025-09-14 18:25:00,127.11
2025-09-14 18:26:00,136.59
2025-09-14 18:27:00,133.18
2025-09-14 18:28:00,134.3
2025-09-14 18:29:00,143.93
2025-09-14 18:30:00,140.1
2025-09-14 18:31:00,141.83
2025-09-14 18:32:00,140.53
2025-09-14 18:33:00,140.48
2025-09-14 18:34:00,142.41
2025-09-14 18:35:00,149.92
2025-09-14 18:36:00,138.22
2025-09-14 18:37:00,142.81
2025-09-14 18:38:00,144.27
2025-09-14 18:39:00,148.87
2025-09-14 18:40:00,146.03
2025-09-14 18:41:00,155.8
2025-09-14 18:42:00,149.35
2025-09-14 18:43:00,155.19
2025-09-14 18:44:00,156.98
2025-09-14 18:45:00,146.05
2025-09-14 18:46:00,152.49
2025-09-14 18:47:00,152.39
2025-09-14 18:48:00,150.59
2025-09-14 18:49:00,162.69
2025-09-14 18:50:00,161.23
2025-09-14 18:51:00,161.8
2025-09-14 18:52:00,152.71
2025-09-14 18:53:00,160.3
2025-09-14 18:54:00,156.26
2025-09-14 18:55:00,166.2
2025-09-14 18:56:00,152.75
2025-09-14 18:57:00,167.58
2025-09-14 18:58:00,165.06
2025-09-14 18:59:00,154.86
2025-09-14 19:00:00,166.59
2025-09-14 19:01:00,154.77
2025-09-14 19:02:00,157.28
2025-09-14 19:03:00,152.68
2025-09-14 19:04:00,159.4
2025-09-14 19:05:00,159.67
2025-09-14 19:06:00,160.09
2025-09-14 19:07:00,155.73
2025-09-14 19:08:00,152.02
2025-09-14 19:09:00,154.48
2025-09-14 19:10:00,157.7
2025-09-14 19:11:00,150.89
2025-09-14 19:12:00,157.13
2025-09-14 19:13:00,153.31
2025-09-14 19:14:00,157.82
2025-09-14 19:15:00,148.91
2025-09-14 19:16:00,160.7
2025-09-14 19:17:00,155.74
2025-09-14 19:18:00,158.27
2025-09-14 19:19:00,151.89
2025-09-14 19:20:00,152.67
2025-09-14 19:21:00,149.01
2025-09-14 19:22:00,141.89
2025-09-14 19:23:00,152.01
2025-09-14 19:24:00,143.54
2025-09-14 19:25:00,137.68
2025-09-14 19:26:00,143.86
2025-09-14 19:27:00,147.26
2025-09-14 19:28:00,139.13
2025-09-14 19:29:00,135.17
2025-09-14 19:30:00,142.61
2025-09-14 19:31:00,135.12
2025-09-14 19:32:00,134.74
2025-09-14 19:33:00,136.05
2025-09-14 19:34:00,136.49
2025-09-14 19:35:00,131.89
2025-09-14 19:36:00,132.56
2025-09-14 19:37:00,135.86
2025-09-14 19:38:00,127.26
2025-09-14 19:39:00,123.67
2025-09-14 19:40:00,119.32
2025-09-14 19:41:00,117.48
2025-09-14 19:42:00,118.36
2025-09-14 19:43:00,122.52
2025-09-14 19:44:00,119.05
2025-09-14 19:45:00,114.36
2025-09-14 19:46:00,120.43
2025-09-14 19:47:00,117.17
2025-09-14 19:48:00,109.1
2025-09-14 19:49:00,115.68
2025-09-14 19:50:00,113.95
2025-09-14 19:51:00,117.75
2025-09-14 19:52:00,110.43
2025-09-14 19:53:00,107.3
2025-09-14 19:54:00,112.17
2025-09-14 19:55:00,104.16
2025-09-14 19:56:00,113.72
2025-09-14 19:57:00,108.92
2025-09-14 19:58:00,113.65
2025-09-14 19:59:00,112.53
2025-09-14 20:00:00,106.53
2025-09-14 20:01:00,101.75
2025-09-14 20:02:00,105.33
2025-09-14 20:03:00,111.31
2025-09-14 20:04:00,100.68
2025-09-14 20:05:00,99.04
2025-09-14 20:06:00,96.05
2025-09-14 20:07:00,97.45
2025-09-14 20:08:00,97.72
2025-09-14 20:09:00,100.82
2025-09-14 20:10:00,105.98
2025-09-14 20:11:00,95.29
2025-09-14 20:12:00,91.72
2025-09-14 20:13:00,94.98
2025-09-14 20:14:00,92.66
2025-09-14 20:15:00,101.51
2025-09-14 20:16:00,97.97
2025-09-14 20:17:00,96.27
2025-09-14 20:18:00,98.5
2025-09-14 20:19:00,98.93
2025-09-14 20:20:00,100.48
2025-09-14 20:21:00,101.38
2025-09-14 20:22:00,94.9
2025-09-14 20:23:00,91.16
2025-09-14 20:24:00,94.51
2025-09-14 20:25:00,87.24
2025-09-14 20:26:00,91.39
2025-09-14 20:27:00,93.92
2025-09-14 20:28:00,92.01
2025-09-14 20:29:00,92.04
2025-09-14 20:30:00,99.03
2025-09-14 20:31:00,98.94
2025-09-14 20:32:00,90.49
2025-09-14 20:33:00,89.94
2025-09-14 20:34:00,90.13
2025-09-14 20:35:00,100.43
2025-09-14 20:36:00,90.98
2025-09-14 20:37:00,91.88
2025-09-14 20:38:00,96.68
2025-09-14 20:39:00,88.54
2025-09-14 20:40:00,99.35
2025-09-14 20:41:00,94.68
2025-09-14 20:42:00,92.77
2025-09-14 20:43:00,90.05
2025-09-14 20:44:00,100.04
2025-09-14 20:45:00,93.87
2025-09-14 20:46:00,98.97
2025-09-14 20:47:00,89.28
2025-09-14 20:48:00,89.24
2025-09-14 20:49:00,86.33
2025-09-14 20:50:00,93.42
2025-09-14 20:51:00,89.26
2025-09-14 20:52:00,85.29
2025-09-14 20:53:00,95.44
2025-09-14 20:54:00,94.19
2025-09-14 20:55:00,97.05
2025-09-14 20:56:00,85.88
2025-09-14 20:57:00,92.11
2025-09-14 20:58:00,87.12
2025-09-14 20:59:00,97.37
2025-09-14 21:00:00,99.89
2025-09-14 21:01:00,96.9
2025-09-14 21:02:00,88.63
2025-09-14 21:03:00,85.48
2025-09-14 21:04:00,89.98
2025-09-14 21:05:00,95.37
2025-09-14 21:06:00,96.96
2025-09-14 21:07:00,96.44
2025-09-14 21:08:00,95.29
2025-09-14 21:09:00,96.79
2025-09-14 21:10:00,99.61
2025-09-14 21:11:00,85.4
2025-09-14 21:12:00,92.17
2025-09-14 21:13:00,99.69
2025-09-14 21:14:00,96.84
2025-09-14 21:15:00,94.45
2025-09-14 21:16:00,93.06
2025-09-14 21:17:00,92.18
2025-09-14 21:18:00,92.57
2025-09-14 21:19:00,90.55
2025-09-14 21:20:00,94.27
2025-09-14 21:21:00,100.2
2025-09-14 21:22:00,91.27
2025-09-14 21:23:00,88.1
2025-09-14 21:24:00,90.46
2025-09-14 21:25:00,87.71
2025-09-14 21:26:00,86.45
2025-09-14 21:27:00,99.68
2025-09-14 21:28:00,92.62
2025-09-14 21:29:00,93.37
2025-09-14 21:30:00,98.39
2025-09-14 21:31:00,101.35
2025-09-14 21:32:00,99.87
2025-09-14 21:33:00,93.33
2025-09-14 21:34:00,87.58
2025-09-14 21:35:00,91.35
2025-09-14 21:36:00,102.03
2025-09-14 21:37:00,97.67
2025-09-14 21:38:00,87.63
2025-09-14 21:39:00,95.33
2025-09-14 21:40:00,97.51
2025-09-14 21:41:00,97.69
2025-09-14 21:42:00,96.67
2025-09-14 21:43:00,93.58
2025-09-14 21:44:00,91.51
2025-09-14 21:45:00,101.36
2025-09-14 21:46:00,99.1
2025-09-14 21:47:00,96.31
2025-09-14 21:48:00,89.57
2025-09-14 21:49:00,95.96
2025-09-14 21:50:00,98.95
2025-09-14 21:51:00,95.88
2025-09-14 21:52:00,88.57
2025-09-14 21:53:00,100.38
2025-09-14 21:54:00,87.28
2025-09-14 21:55:00,93.58
2025-09-14 21:56:00,98.21
2025-09-14 21:57:00,97.58
2025-09-14 21:58:00,90.15
2025-09-14 21:59:00,89.51
2025-09-14 22:00:00,100.67
2025-09-14 22:01:00,100.23
2025-09-14 22:02:00,88.36
2025-09-14 22:03:00,91.97
2025-09-14 22:04:00,101.98
2025-09-14 22:05:00,102.53
2025-09-14 22:06:00,96.43
2025-09-14 22:07:00,95.52
2025-09-14 22:08:00,88.96
2025-09-14 22:09:00,90.66
2025-09-14 22:10:00,89.3
2025-09-14 22:11:00,91.58
2025-09-14 22:12:00,90.91
2025-09-14 22:13:00,89.24
2025-09-14 22:14:00,99.71
2025-09-14 22:15:00,94.08
2025-09-14 22:16:00,87.82
2025-09-14 22:17:00,103.54
2025-09-14 22:18:00,103.25
2025-09-14 22:19:00,102.58
2025-09-14 22:20:00,99.93
2025-09-14 22:21:00,92.54
2025-09-14 22:22:00,98.63
2025-09-14 22:23:00,101.68
2025-09-14 22:24:00,89.18
2025-09-14 22:25:00,100.21
2025-09-14 22:26:00,97.63
2025-09-14 22:27:00,90.07
2025-09-14 22:28:00,88.71
2025-09-14 22:29:00,99.32
2025-09-14 22:30:00,98.28
2025-09-14 22:31:00,94.81
2025-09-14 22:32:00,102.2
2025-09-14 22:33:00,100.92
2025-09-14 22:34:00,101.79
2025-09-14 22:35:00,96.73
2025-09-14 22:36:00,95.17
2025-09-14 22:37:00,97.77
2025-09-14 22:38:00,102.52
2025-09-14 22:39:00,91.34
2025-09-14 22:40:00,101.45
2025-09-14 22:41:00,100.74
2025-09-14 22:42:00,102.2
2025-09-14 22:43:00,98.89
2025-09-14 22:44:00,104.2
2025-09-14 22:45:00,102.1
2025-09-14 22:46:00,104.55
2025-09-14 22:47:00,103.57
2025-09-14 22:48:00,97.12
2025-09-14 22:49:00,90.61
2025-09-14 22:50:00,101.28
2025-09-14 22:51:00,97.95
2025-09-14 22:52:00,94.77
2025-09-14 22:53:00,98.83
2025-09-14 22:54:00,96.78
2025-09-14 22:55:00,95.21
2025-09-14 22:56:00,104.68
2025-09-14 22:57:00,97.56
2025-09-14 22:58:00,97.03
2025-09-14 22:59:00,96.47
2025-09-14 23:00:00,90.92
2025-09-14 23:01:00,101.95
2025-09-14 23:02:00,89.79
2025-09-14 23:03:00,89.6
2025-09-14 23:04:00,95.86
2025-09-14 23:05:00,98.52
2025-09-14 23:06:00,97.17
2025-09-14 23:07:00,97.42
2025-09-14 23:08:00,94.82
2025-09-14 23:09:00,98.19
2025-09-14 23:10:00,91.53
2025-09-14 23:11:00,99.91
2025-09-14 23:12:00,103.0
2025-09-14 23:13:00,101.01
2025-09-14 23:14:00,100.59
2025-09-14 23:15:00,97.96
2025-09-14 23:16:00,93.49
2025-09-14 23:17:00,90.69
2025-09-14 23:18:00,104.07
2025-09-14 23:19:00,90.98
2025-09-14 23:20:00,99.7
2025-09-14 23:21:00,97.86
2025-09-14 23:22:00,98.67
2025-09-14 23:23:00,91.64
2025-09-14 23:24:00,105.2
2025-09-14 23:25:00,96.38
2025-09-14 23:26:00,102.93
2025-09-14 23:27:00,91.59
2025-09-14 23:28:00,101.1
2025-09-14 23:29:00,104.43
2025-09-14 23:30:00,98.31
2025-09-14 23:31:00,96.9
2025-09-14 23:32:00,102.98
2025-09-14 23:33:00,96.69
2025-09-14 23:34:00,93.87
2025-09-14 23:35:00,91.19
2025-09-14 23:36:00,93.49
2025-09-14 23:37:00,105.82
2025-09-14 23:38:00,102.52
2025-09-14 23:39:00,91.76
2025-09-14 23:40:00,95.03
2025-09-14 23:41:00,91.65
2025-09-14 23:42:00,96.84
2025-09-14 23:43:00,105.62
2025-09-14 23:44:00,105.39
2025-09-14 23:45:00,91.4
2025-09-14 23:46:00,101.05
2025-09-14 23:47:00,93.53
2025-09-14 23:48:00,98.02
2025-09-14 23:49:00,95.43
2025-09-14 23:50:00,105.3
2025-09-14 23:51:00,103.4
2025-09-14 23:52:00,101.6
2025-09-14 23:53:00,93.16
2025-09-14 23:54:00,94.66
2025-09-14 23:55:00,107.27
2025-09-14 23:56:00,98.96
2025-09-14 23:57:00,92.66
2025-09-14 23:58:00,94.0
2025-09-14 23:59:00,95.62
